converted_training1.png,4
converted_training2.png,1
converted_training3.png,0
converted_training4.png,7
converted_training5.png,8
converted_training6.png,1
converted_training7.png,2
converted_training8.png,7
converted_training9.png,1
converted_training10.png,6
converted_training11.png,6
converted_training12.png,4
converted_training13.png,7
converted_training14.png,7
converted_training15.png,3
converted_training16.png,3
converted_training17.png,7
converted_training18.png,9
converted_training19.png,9
converted_training20.png,1
converted_training21.png,0
converted_training22.png,6
converted_training23.png,6
converted_training24.png,9
converted_training25.png,9
converted_training26.png,4
converted_training27.png,8
converted_training28.png,9
converted_training29.png,4
converted_training30.png,7
converted_training31.png,3
converted_training32.png,3
converted_training33.png,0
converted_training34.png,9
converted_training35.png,4
converted_training36.png,9
converted_training37.png,0
converted_training38.png,6
converted_training39.png,8
converted_training40.png,4
converted_training41.png,7
converted_training42.png,2
converted_training43.png,6
converted_training44.png,0
converted_training45.png,3
converted_training46.png,1
converted_training47.png,1
converted_training48.png,7
converted_training49.png,2
converted_training50.png,4
converted_training51.png,4
converted_training52.png,6
converted_training53.png,5
converted_training54.png,1
converted_training55.png,9
converted_training56.png,3
converted_training57.png,2
converted_training58.png,4
converted_training59.png,3
converted_training60.png,4
converted_training61.png,4
converted_training62.png,7
converted_training63.png,5
converted_training64.png,8
converted_training65.png,1
converted_training66.png,1
converted_training67.png,4
converted_training68.png,1
converted_training69.png,5
converted_training70.png,3
converted_training71.png,5
converted_training72.png,8
converted_training73.png,4
converted_training74.png,1
converted_training75.png,1
converted_training76.png,4
converted_training77.png,5
converted_training78.png,3
converted_training79.png,2
converted_training80.png,4
converted_training81.png,1
converted_training82.png,4
converted_training83.png,8
converted_training84.png,1
converted_training85.png,2
converted_training86.png,1
converted_training87.png,9
converted_training88.png,0
converted_training89.png,7
converted_training90.png,6
converted_training91.png,7
converted_training92.png,4
converted_training93.png,4
converted_training94.png,9
converted_training95.png,7
converted_training96.png,5
converted_training97.png,6
converted_training98.png,8
converted_training99.png,4
converted_training100.png,6
